<?xml version="1.0" encoding="utf-8"?>  
<!DOCTYPE web-app PUBLIC "-//Sun Microsystems, Inc.//DTD Web Application 2.3//EN" "http://java.sun.com/dtd/web-app_2_3.dtd">  
<web-app>  
<!--  

     <servlet>  
    <servlet-class>com.fw.ztest.UserServlet</servlet-class>  
    <servlet-name>UserServlet</servlet-name>  
</servlet>

<servlet-mapping>  
        <servlet-name>UserServlet</servlet-name>  
        <url-pattern>/user/servlet</url-pattern>  
</servlet-mapping> 
-->



<servlet>  
    <servlet-class>com.fw.servlet.OrgnizationServlet</servlet-class>  
    <servlet-name>OrgnizationServlet</servlet-name>  
</servlet>
<servlet-mapping>  
    <servlet-name>OrgnizationServlet</servlet-name>  
    <url-pattern>/orgnization/servlet</url-pattern>  
</servlet-mapping> 

</web-app>  