<?xml version="1.0" encoding="utf-8"?>  
<!DOCTYPE web-app PUBLIC "-//Sun Microsystems, Inc.//DTD Web Application 2.3//EN" "http://java.sun.com/dtd/web-app_2_3.dtd">  
<web-app>  


<servlet>  
    <servlet-class>com.facewhat.archive.servlet.ArchiveServlet</servlet-class>  
    <servlet-name>ArchiveServlet</servlet-name>  
</servlet>
<servlet-mapping>  
    <servlet-name>ArchiveServlet</servlet-name>  
    <url-pattern>/archive/servlet</url-pattern>  
</servlet-mapping> 

</web-app>  